NO2_pred,SO2_pred
0.30001405078063326,0.6999859492193667
0.30037783567381493,0.6996221643261851
0.450236492264514,0.5497635077354859
0.4999262923043587,0.5000737076956413
0.349973319359974,0.6500266806400259
0.5498492800435302,0.45015071995646977
0.45016756112741035,0.5498324388725896
0.5000490880675552,0.4999509119324448
0.3498389272104276,0.6501610727895724
0.54986478270064,0.45013521729935996
0.49974896585255163,0.5002510341474483
0.5499826432481435,0.45001735675185645
