NO2_true,SO2_true
0.3,0.7
0.3,0.7
0.4499999999999999,0.55
0.4999999999999999,0.5
0.35,0.65
0.5499999999999999,0.45
0.4499999999999999,0.55
0.4999999999999999,0.5
0.35,0.65
0.5499999999999999,0.45
0.4999999999999999,0.5
0.5499999999999999,0.45
