{
  "best_n_components": 3,
  "cv_score": 0.8857489429698193,
  "train_rmse": 0.05594181678458587,
  "train_r2": 0.8856890973343597,
  "val_rmse": 0.05381096815733471,
  "val_r2": 0.886001993747951,
  "test_rmse": 0.057845504127818796,
  "test_r2": 0.8833592318929275
}