{
  "timestamp": "2025-07-10T14:58:44.925493",
  "input_file": "22kv0h.CSV",
  "spectrum_info": {
    "data_points": 7469,
    "wavenumber_range": [
      399.6747,
      4000.123
    ],
    "intensity_range": [
      -0.1296979,
      3.823462
    ]
  },
  "predictions": {
    "NO": {
      "concentration": 0.0,
      "percentage": 0.0,
      "raw_prediction": -1.9703023583573663e+23,
      "confidence": {
        "overall": 100.0,
        "signal_quality": 100.0,
        "prediction_certainty": 100.00000000910238,
        "data_coverage": 100.0
      }
    },
    "NO2": {
      "concentration": 1.0,
      "percentage": 100.0,
      "raw_prediction": 2.23244594610687e+23,
      "confidence": {
        "overall": 100.0,
        "signal_quality": 100.0,
        "prediction_certainty": 100.00000000910238,
        "data_coverage": 100.0
      }
    },
    "SO2": {
      "concentration": 0.0,
      "percentage": 0.0,
      "raw_prediction": -2.6214358774950648e+22,
      "confidence": {
        "overall": 100.0,
        "signal_quality": 100.0,
        "prediction_certainty": 100.00000000910238,
        "data_coverage": 100.0
      }
    }
  },
  "confidence": {
    "overall": 100.0,
    "signal_quality": 100.0,
    "prediction_certainty": 100.00000000910238,
    "data_coverage": 100.0
  }
}