Gas,True_Concentration,Predicted_Concentration,Absolute_Error,Relative_Error_Percent
NO,0.2,0.0,0.2,100.0
NO2,0.4,0.3635475735535213,0.036452426446478725,9.113106611619681
SO2,0.4,0.6364524264464787,0.23645242644647868,59.11310661161967
