Gas,True_Concentration,Predicted_Concentration,Absolute_Error,Relative_Error_Percent
NO,0.2,0.19995210680550501,4.789319449499674e-05,0.02394659724749837
NO2,0.4,0.4000095489242949,9.548924294888739e-06,0.0023872310737221847
SO2,0.4,0.40003834427019996,3.8344270199941466e-05,0.009586067549985366
