CH4,CO2,N2
61.33401355698316,23.543626977588875,15.122359465427973
24.418592268212283,55.722119407148,19.859288324639724
15.032293135025782,42.67861387067231,42.28909299430192
14.861435866154046,21.842031116255562,63.296533017590384
73.89707928986094,23.383212879267255,2.719707830871785
